0__spkt_welch_density__coeff_2,"0__fft_coefficient__coeff_1__attr_""abs""",0__variance,0__standard_deviation,0__autocorrelation__lag_2,0__autocorrelation__lag_1,0__partial_autocorrelation__lag_1,"0__change_quantiles__f_agg_""var""__isabs_True__qh_0.6__ql_0.2",0__autocorrelation__lag_3,"0__change_quantiles__f_agg_""mean""__isabs_True__qh_0.6__ql_0.2",y
4400.873902855241,609.2576831465384,867.8,29.45844530860378,0.8018634971849999,0.9132089866567064,0.9132089866567062,75.83999999999999,0.6748866866405471,7.6,1.0
8740.141609893115,814.5531858170078,1707.2666666666667,41.3190835651841,0.8420728203812275,0.9349891807971605,0.9349891807971605,17.610000000000003,0.7229663182648461,5.3,1.0
14365.4274898953,1109.6455185924785,3192.7122222222224,56.50409031408454,0.9361956374157077,0.978882125814575,0.978882125814575,47.4,0.8738543787744381,11.0,1.0
5917.4602519648315,689.838444144199,1236.026666666667,35.15717091386431,0.8999204825292715,0.9634698950065429,0.9634698950065427,27.76000000000001,0.7998952437799494,5.2,1.0
1639.4810053776064,537.2836823729289,921.1833333333333,30.351002180048905,0.885351915367656,0.942780993212753,0.9427809932127531,8.239999999999998,0.8200502976244325,5.6,1.0
5260.312009442361,139.7398187825925,460.1122222222222,21.450226624029458,0.6286373545170312,0.8578600972659595,0.8578600972659592,7.65432098765432,0.3575646735672912,8.88888888888889,1.0
11088.981465110954,1296.9741173206041,4554.605555555555,67.48781783074301,0.9337796575348554,0.9759160877998065,0.9759160877998068,47.27272727272727,0.87296727596717,10.0,1.0
6016.549899204681,982.6754275680371,3215.912222222222,56.7090135888663,0.8570591710950018,0.9348933355329638,0.934893335532964,32.41,0.7758726677364243,6.7,1.0
3043.718810219961,253.0388113834616,299.29333333333335,17.30009633884544,0.7994689077127712,0.9328825140599386,0.9328825140599386,39.15999999999999,0.6199888131549379,3.8,1.0
7406.5597117867255,740.5760345056716,1354.6722222222222,36.80587211603907,0.9489409668009654,0.9860248106842942,0.9860248106842938,40.56,0.8883953979118452,6.8,1.0
5212.707384400276,1555.4198106654867,7367.17888888889,85.83227183809647,0.9002988630805611,0.9564365964484426,0.9564365964484426,14.776859504132231,0.8335227537136726,10.636363636363637,1.0
9395.03758047617,1203.9478867448427,4762.965555555555,69.01424168644871,0.8661757782424669,0.9418648999877336,0.9418648999877335,49.29,0.7904007880140865,11.1,1.0
2821.752736156085,329.6001445582418,552.7555555555556,23.51075404055675,0.7118304827760482,0.8797026669587131,0.8797026669587131,0.7654320987654322,0.5072230709442255,1.8888888888888888,1.0
1728.4284057330815,480.3640920029826,705.6055555555557,26.5632369178825,0.8715299140780798,0.9631152937573524,0.9631152937573525,32.57638888888889,0.7565211914116321,6.583333333333333,1.0
16874.00137734363,899.5881449657091,1947.8933333333337,44.134944582873715,0.9427569613668099,0.9888695550371186,0.9888695550371184,74.21000000000001,0.8676473272549717,7.7,1.0
6116.9368551681255,726.6625633132256,1584.1155555555558,39.800949179078074,0.8592528924056364,0.9533362537699462,0.9533362537699466,14.690000000000003,0.73815883240841,5.9,1.0
1383.1897045513053,603.1731843993124,1250.25,35.358874416474286,0.871211471991316,0.9387570761709727,0.9387570761709727,20.958677685950416,0.793419093958986,6.363636363636363,1.0
8566.570557846566,1138.9746979582856,3821.262222222222,61.81635885606837,0.9030205343933561,0.9629844079523422,0.9629844079523424,39.160000000000004,0.829281152785661,9.2,1.0
11825.14227735502,1067.04824223217,2755.378888888889,52.491703048090265,0.9629816992299103,0.9969175164998412,0.9969175164998411,55.30555555555555,0.901266608983757,7.166666666666667,1.0
2400.5945270446964,598.6011700645488,980.5155555555554,31.31318501135832,0.839515751998301,0.9456196630625473,0.9456196630625473,25.609375,0.6872806646440472,5.125,1.0
9632.578924511592,568.2144832892084,2526.336010990611,50.26267015380909,0.6222160857345461,0.8423449822865493,0.8423449822865493,3.333333333333334,0.37293610445533926,3.6666666666666665,1.0
33.610812504524375,64.15199894357877,94.91666666666667,9.742518497116988,0.2408127430076508,0.6930762011443795,0.6930762011443794,0.0,-0.11423275777972881,0.0,1.0
430.5018663478389,121.84128692240537,115.04888888888891,10.726084508751967,0.48777331376033367,0.8451326372663158,0.8451326372663159,5.80246913580247,0.13149965232171829,3.5555555555555554,1.0
6890.685078201086,325.95516902016004,438.8666666666667,20.949144771724374,0.7206061066383108,0.9095528189118262,0.9095528189118262,26.609999999999996,0.49040457744695937,5.3,1.0
3626.1025258864456,806.4167537291453,1654.8722222222225,40.68012072526608,0.948262921560625,0.9919432147010919,0.9919432147010923,17.555555555555557,0.8827263900498823,7.333333333333333,1.0
17652.93334637936,1312.596039100079,4305.488888888888,65.61622428095728,0.9460081962559423,0.977727263585661,0.9777272635856612,56.410000000000004,0.8944855346864153,13.3,1.0
3089.0274131873925,646.3902348936542,1181.16,34.36800837988725,0.8679699859218298,0.9475769582444378,0.9475769582444378,10.24793388429752,0.7865739016133544,6.545454545454546,1.0
3617.1662988997723,656.7420593904336,2337.2107848488045,48.344707930122034,0.7472297963661756,0.8850112670796356,0.8850112670796357,4.109375,0.5859611852930905,3.875,1.0
8199.033793029897,837.818874445874,2710.2083791048776,52.059661726761895,0.8098074585783481,0.9086598197827759,0.9086598197827758,853.1853098327853,0.6940930917174917,14.728157894736842,1.0
16449.588680045363,1198.0655381305826,3997.098888888889,63.22261374610266,0.8985924831275446,0.9631200717309522,0.9631200717309522,15.959999999999999,0.809057439529985,3.8,1.0
1497.5951885754964,997.5650107885008,3272.165555555556,57.20284569455925,0.7760664106577058,0.8985363612818725,0.8985363612818724,110.08264462809917,0.6437598372294016,7.090909090909091,1.0
1929.3983467254448,679.2590305209493,1711.8,41.37390481934235,0.7382162468913257,0.8876721821353607,0.8876721821353606,7.111111111111111,0.5686671599745557,2.6666666666666665,1.0
9279.44521216253,859.717457752596,2390.298888888889,48.89068304788643,0.8225540035074314,0.921910373317587,0.9219103733175869,22.809917355371898,0.6974399761257193,5.909090909090909,1.0
382.2070097959375,288.07223936984786,275.8,16.607227342335023,0.8641096032321558,0.9359605911330049,0.9359605911330048,1.15702479338843,0.775118846184836,1.5454545454545454,1.0
9205.802897434996,880.052923095368,2157.632222222222,46.45031993670466,0.8931555115200872,0.9600631464166562,0.9600631464166564,17.16,0.8064807095066089,2.8,1.0
9907.028974409694,884.2867152221221,1782.7788888888888,42.22296636771141,0.9393853380494709,0.9903158633764941,0.9903158633764941,58.47222222222223,0.8549913995413873,7.833333333333333,1.0
7277.3164539117615,887.8568067682419,2562.226666666667,50.61844196206228,0.8371278999144344,0.9264027355516745,0.9264027355516746,30.4,0.7354349775629183,7.0,1.0
6879.6367594815665,989.209441759836,2696.432222222222,51.9271819206687,0.9363819257227789,0.9804667103675707,0.9804667103675708,24.88888888888889,0.8677849619394188,11.0,1.0
3256.9350681483843,1143.3059740277045,3917.8622222222216,62.592828840229146,0.9148629079058829,0.9630932124177037,0.9630932124177033,4.6115702479338845,0.8536324483331865,8.545454545454545,1.0
3881.667877053494,787.5657619044217,1505.9566666666665,38.80665750443687,0.7649949770893935,0.8867427838095511,0.8867427838095508,8.09,0.630458601066432,10.1,1.0
6083.464995495783,753.3257913083195,1466.3333333333333,38.29273212155713,0.9367632254083721,0.984393004679747,0.9843930046797471,42.64000000000001,0.8675709125811422,6.4,1.0
1186.803042659724,200.09986785527747,174.76000000000002,13.219682295728594,0.6828793774319065,0.8554707539798421,0.8554707539798422,7.4375,0.5387875859379636,1.75,1.0
13872.849817222825,1200.815958058512,3525.928888888889,59.37953257553388,0.9557804693321384,0.9901080059944312,0.9901080059944314,83.65,0.8965880420828777,9.5,1.0
7058.454244535552,784.7743947573522,1784.61,42.24464463100619,0.8917798766757362,0.9559030476860684,0.9559030476860683,27.889999999999997,0.8111748453391726,6.9,1.0
643.4894141120611,140.5424766764312,103.3288888888889,10.165081843688663,0.7742929035350214,0.950206238013945,0.950206238013945,0.3209876543209877,0.5045569462963759,0.8888888888888888,1.0
7462.200329258783,993.7380711631973,2666.3122222222223,51.63634594180946,0.9335052093531243,0.9790445135171629,0.9790445135171632,29.0,0.8656711269354366,8.0,1.0
12729.110613158726,1090.8436614651985,3125.2233333333343,55.903696955866295,0.9245862657586833,0.9732059240786944,0.9732059240786947,64.39053254437871,0.8647331041111963,7.384615384615385,1.0
259.5098568939371,240.34518154132337,171.7388888888889,13.10491849989495,0.7826688725501524,0.9060410919633185,0.9060410919633184,1.8099999999999998,0.6519191853840709,1.7,1.0
10711.095449641813,476.1570858574026,679.5600000000001,26.068371640745035,0.8844231141158565,0.9780040228870198,0.97800402288702,9.9375,0.7291035811843392,7.75,1.0
9613.790150767456,1345.6320572253508,5048.365555555556,71.05185117613443,0.8926894239509168,0.952590991078399,0.9525909910783988,67.29,0.8183770564442064,12.1,1.0
2904.526149550808,470.64033154683017,883.8622222222222,29.729820420282092,0.7928807046706267,0.926029628584126,0.9260296285841261,18.0,0.6401165256190423,5.0,1.0
3449.9974528743237,506.3228800614284,633.6858811003112,25.173118223619245,0.7897878160600832,0.9250515294216238,0.9250515294216239,8.440000000000001,0.6226815817770804,5.6,1.0
391.1973772845787,207.93459120650658,164.61000000000004,12.83004286820586,0.6724595797859876,0.8737287088185447,0.8737287088185448,9.777777777777779,0.4176493485162458,4.0,1.0
1622.7507372229163,600.3918322343732,1903.5822222222223,43.63006099264843,0.7720912651902412,0.8991332655012844,0.8991332655012845,11.24,0.6380889675450107,4.4,1.0
780.8843052249922,437.79446560819326,582.3822222222223,24.132596673839767,0.7288433276787623,0.909016053498328,0.9090160534983281,20.543209876543212,0.4960689344064905,7.111111111111111,1.0
2163.9380457202183,515.0952499735544,1123.0666666666666,33.51218683802456,0.806115483115958,0.9415414280275274,0.9415414280275274,51.728395061728385,0.6242827179548063,9.777777777777779,1.0
2662.187099124763,683.5981048522843,1349.2100000000003,36.73159403020784,0.8567876228099617,0.9380229912319057,0.9380229912319058,9.65,0.7789038139465425,5.5,1.0
2523.0887055131507,286.45822543116105,253.82666666666668,15.931938572147041,0.8455601497835041,0.9612804828346976,0.9612804828346976,13.64,0.6944196389487138,3.4,1.0
517.3935448300022,630.3353021442267,2027.5600000000002,45.02843546027332,0.8178465037497568,0.9237323475609549,0.923732347560955,19.16,0.6948304219704327,6.2,1.0
12270.055430492097,1351.6393432000516,4935.49068626636,70.25304752298194,0.7999593135829397,0.9044323273388107,0.9044323273388104,54.435115189380866,0.6948809593022129,9.48182693019468,1.0
51123.82221462571,2647.6952572524206,17203.965555555555,131.16388815354458,0.9545659752513871,0.9877011069850439,0.987701106985044,238.89000000000001,0.8997384331164937,24.1,1.0
528.3854592646337,808.9947450160994,2972.6988888888886,54.52246224162009,0.7916330961715461,0.907199516993994,0.9071995169939938,17.33884297520661,0.6639611815525661,5.454545454545454,1.0
10978.233229905032,1732.1038165329105,8923.978888888889,94.46681369078185,0.9197350434491043,0.9703897007025915,0.9703897007025915,160.05,0.8475718956620538,16.5,1.0
26310.779235681683,1755.1142125873578,7893.915555555556,88.84770990608344,0.932786368637384,0.9769560528105656,0.9769560528105655,132.49,0.8697244491287835,11.9,1.0
4696.2504450921515,727.088853171685,1342.5155555555555,36.64035419527976,0.8854884835953544,0.969651186073288,0.969651186073288,44.410000000000004,0.7605332020890211,11.3,1.0
589.6021149303164,597.8880399012006,1456.3900393307108,38.16267861839248,0.8570777076780822,0.9457609355760307,0.9457609355760308,14.016528925619836,0.7519937565514497,6.7272727272727275,1.0
15776.925338138692,636.6499167458345,1281.338888888889,35.79579429051532,0.7792846891922944,0.9203503160382557,0.9203503160382551,7.76,0.5843834260941365,4.2,1.0
2465.3101055566754,878.2671371174999,2970.062222222223,54.49827724086536,0.8400945263719553,0.9306217303341193,0.9306217303341192,19.057851239669425,0.7359066011170567,6.818181818181818,1.0
2465.3101055566754,878.2671371174999,2970.062222222223,54.49827724086536,0.8400945263719553,0.9306217303341193,0.9306217303341192,19.057851239669425,0.7359066011170567,6.818181818181818,1.0
9801.530719153681,1194.1538848691077,4439.1433333333325,66.62689647081974,0.733572361291073,0.8844375767127277,0.8844375767127277,79.06172839506172,0.5669247828680993,11.777777777777779,1.0
28419.328529684273,2069.2331954123115,11408.343333333334,106.8098466122545,0.9248441856734675,0.9739079445858675,0.9739079445858674,128.0,0.8521165487493931,22.333333333333332,1.0
296.4969906037281,430.56324086709583,710.7555555555556,26.65999916645827,0.8511286893446723,0.9315918735229684,0.9315918735229685,11.520833333333334,0.7646357901172809,4.25,1.0
18154.222834610566,276.1111363473985,1312.968258742328,36.234903873783466,0.6446232027488459,0.8636380462298048,0.8636380462298051,50.010000000000005,0.34757239936468715,8.3,1.0
16741.968793653858,1047.0831058210267,2529.965555555556,50.29876296247807,0.8603984695694771,0.9595346511842775,0.9595346511842775,33.96,0.71362455966682,12.8,1.0
6147.8751689989285,1109.5128011336296,3102.3066666666664,55.698354254561835,0.9026035005596451,0.962012100154768,0.962012100154768,43.809999999999995,0.8277415562231594,11.7,1.0
15831.453861487797,870.1205950394601,1865.1166666666666,43.186996499718134,0.8023148047677345,0.9136851012062664,0.9136851012062666,25.24,0.6597492163631905,7.6,1.0
1354.0247556705588,313.17002889321463,447.0322222222222,21.143136527540616,0.5031195151942103,0.8190491038343042,0.8190491038343041,26.775510204081634,0.19876463734351185,7.285714285714286,1.0
2034.5626559358589,217.3514823718859,271.3066666666666,16.471389336260213,0.5980686062512287,0.8246476820563573,0.8246476820563573,8.979591836734693,0.31427058078326015,3.857142857142857,1.0
5023.088427471672,699.0901404101351,1280.7280502272579,35.787261004822064,0.8733313826413417,0.9435947822122778,0.9435947822122775,4.64,0.7909592018538645,4.6,1.0
7469.946859969112,546.9036989469745,731.2322222222223,27.04130585275464,0.9361040496331153,0.9958186362692985,0.9958186362692982,15.876543209876543,0.835406866913806,5.888888888888889,1.0
170.08393212948664,139.4265298882792,58.09888888888888,7.622262714502098,0.5882403564803307,0.8376714031631893,0.8376714031631893,5.959183673469387,0.39228348431048815,2.4285714285714284,1.0
7329.732903806835,898.6633755013332,1828.698888888889,42.76328903263744,0.8332576296982075,0.9324530321068047,0.932453032106805,6.840000000000001,0.6900331416906347,10.4,1.0
4352.463075787952,145.98023780886888,478.7470431696423,21.88028891878812,0.320262404177401,0.6883145634839745,0.6883145634839745,10.484375,-0.05612138098497659,5.625,1.0
8535.384026482345,826.0150620325484,1625.5600000000002,40.31823408831295,0.9225462521926506,0.9746786465523605,0.9746786465523604,31.78512396694214,0.8448662250182954,7.818181818181818,1.0
286.4238528560766,381.67856885606153,560.1241977969348,23.666943144329704,0.6504872789993364,0.7045811766335476,0.7045811766335476,1.6400000000000001,0.5933468231242784,1.6,1.0
1190.6925286470757,571.7974464868967,991.1656456504169,31.482783321212516,0.7930035238357416,0.8083825510038632,0.8083825510038634,13.876543209876543,0.7561181445651958,4.888888888888889,1.0
534.4405154700196,385.03200908639263,714.3955555555556,26.72817905424078,0.8087051946678422,0.9157100040738563,0.9157100040738562,15.809999999999999,0.6867786356211693,5.7,1.0
534.4405154700196,385.03200908639263,714.3955555555556,26.72817905424078,0.8087051946678422,0.9157100040738563,0.9157100040738562,15.809999999999999,0.6867786356211693,5.7,1.0
165.63043701590777,202.37163742963148,101.8488888888889,10.092021050755339,0.778966037453557,0.9119151804792314,0.9119151804792315,3.135802469135802,0.6806064661274995,2.4444444444444446,1.0
979.2951013836405,525.4534080957797,801.7066666666667,28.31442506332535,0.8374313369573481,0.922301389220238,0.9223013892202382,9.89,0.7527884956537164,3.1,1.0
699.3611245464807,439.4064859254208,489.2,22.117866081518805,0.735676322859479,0.8842022161445852,0.8842022161445852,12.4,0.5588867690257715,6.0,1.0
3709.5657365522025,707.7067254299085,1197.1555555555556,34.5999357738646,0.9302539882897024,0.9888829716415923,0.9888829716415922,27.05,0.8395930270930272,7.5,1.0
8492.409586235837,1399.4164356030044,5015.195555555555,70.81804540903084,0.9634651920708786,0.9931366592215031,0.9931366592215033,17.76,0.90226916302071,13.8,1.0
2731.317278011112,912.7165625474802,2680.373333333334,51.77232207785676,0.8059762108476713,0.9139699530619512,0.9139699530619511,29.654320987654323,0.6975910486764696,9.11111111111111,1.0
19359.78604714424,1611.9138128718903,6591.89,81.190455104033,0.9226802068255733,0.972919597492865,0.9729195974928648,108.09,0.8553258175885373,12.9,1.0
4302.445285358356,712.2882117723516,1175.9555555555557,34.29220837968234,0.7762009146226237,0.9032484872496289,0.9032484872496289,4.839999999999999,0.6373802654841243,8.6,1.0
203.4021304960983,109.75113006379163,261.5833333333333,16.17353805861084,0.4526691849087517,0.802968219617493,0.802968219617493,5.5600000000000005,0.046971788609252774,2.2,1.0
188.60074449414367,288.9429869195885,256.9433333333333,16.029452059672323,0.8057668820807256,0.9180757687526253,0.9180757687526252,7.061728395061728,0.6891172142005657,2.7777777777777777,1.0
14697.05201357021,972.9023568952931,2208.155555555555,46.99101568976303,0.9150997241107642,0.9741456523240389,0.9741456523240387,15.85,0.8331851732578334,8.5,1.0
198.85964339159088,137.33809043405765,100.35555555555554,10.017762003339644,0.41297608503100103,0.752458690937968,0.7524586909379681,5.290000000000001,0.10751894498573009,3.1,1.0
3304.9208509855075,352.6057291385962,340.7175274047221,18.45853535372517,0.807979260360257,0.9278544784827991,0.9278544784827992,4.09947246143811,0.6887850242974287,1.998548725632193,1.0
494.06195063093475,370.9281167208055,413.12888888888887,20.325572289332687,0.9025539514168298,0.9564849651255013,0.9564849651255014,0.9256198347107438,0.8430143464031192,2.727272727272727,1.0
7275.98586100826,726.2392544311426,1328.9655555555555,36.4549798457708,0.8779052761289573,0.9590260635695651,0.9590260635695652,16.4,0.7651638641063164,5.0,1.0
5851.050597339179,717.0648322922808,1773.662222222222,42.11486937201897,0.883975241970877,0.9649000366883821,0.9649000366883821,24.839506172839506,0.7681307226228721,9.222222222222221,1.0
12506.54522563142,1054.9735857435314,2589.472222222222,50.886857067638026,0.9605783184965987,1.0001701555332545,1.0001701555332545,30.691358024691358,0.886372765316351,10.444444444444445,1.0
2736.0451849284777,230.37420786505123,595.7155555555554,24.40728488700772,0.5093373102322194,0.7959701510968235,0.7959701510968236,2.743801652892562,0.19009072189561027,3.272727272727273,1.0
1466.0792525356392,153.33553335009788,275.5788888888889,16.600568932686883,0.6795726398743885,0.8830705242006065,0.8830705242006063,2.743801652892562,0.44434006260222586,3.272727272727273,1.0
304.6053461094738,353.0037699793,429.7288888888889,20.72990325324479,0.8841669092214656,0.9614558729178264,0.9614558729178265,3.0208333333333335,0.7886327411712925,2.25,1.0
1942.466138679746,427.78524094536556,487.89,22.088232161039958,0.8276001909095435,0.9305369144118835,0.9305369144118834,16.876033057851238,0.7072154242418032,3.8181818181818183,1.0
511.84787566691693,182.88870790149537,102.16063811483481,10.10745458138867,0.7298077306944272,0.8934929246533806,0.8934929246533805,2.7297729983014687,0.5342919494837025,1.0724946695095936,1.0
124.67494168975759,181.55625429326267,143.74705879085326,11.989456150754014,0.7456298663600297,0.8897978712630469,0.8897978712630469,0.40823445312602996,0.5521163965713465,0.6476940369213019,1.0
3899.3475671714536,409.7547502929382,506.51555555555564,22.505900460891485,0.8716719397514547,0.9648373652880137,0.9648373652880139,9.440000000000001,0.725850984796635,4.4,1.0
3899.3475671714536,409.7547502929382,506.51555555555564,22.505900460891485,0.8716719397514547,0.9648373652880137,0.9648373652880139,9.440000000000001,0.725850984796635,4.4,1.0
2882.2217339531076,488.04508619079564,597.9155555555554,24.452311865252238,0.9052618780376696,0.975387546877415,0.9753875468774151,42.12244897959183,0.8345255409946819,4.857142857142857,1.0
11895.273615622598,804.6045895732336,1719.3155555555559,41.46463017507278,0.8971350541116028,0.9649706458972267,0.9649706458972269,31.859375,0.8044016367121684,8.125,1.0
2468.3370389564957,560.974527406571,869.6233333333333,29.489376618255825,0.7547389154253427,0.8939102052771427,0.8939102052771428,53.87654320987654,0.6157144238267482,6.111111111111111,1.0
304.9940400347515,59.999610247081186,28.690000000000005,5.356304696336832,0.6131803017477467,0.8389202052859942,0.8389202052859941,0.484375,0.377044524482656,1.625,1.0
2234.041577757609,290.13531424434984,324.83222222222224,18.023102458295636,0.7065476536605222,0.8850190979817343,0.8850190979817344,6.765432098765434,0.5329433124260539,3.111111111111111,1.0
4685.229640859133,660.3256613940512,1042.2266666666667,32.283535535419084,0.9616951069961932,0.9921582571002933,0.9921582571002936,25.506172839506174,0.9078596679758295,6.222222222222222,1.0
7771.932909561695,1574.2563529656209,6998.915555555554,83.6595216072597,0.9230156018728345,0.9698930260109921,0.9698930260109917,9.61,0.8592771056454321,9.7,1.0
7039.305084992875,911.6117067457961,2308.8055555555557,48.050031795572785,0.9058040387130705,0.9599550778648961,0.9599550778648958,17.702479338842977,0.8423534161349531,7.454545454545454,1.0
453.1694072207551,422.03527517038185,607.44,24.64629789643873,0.7990606950010347,0.9019673292551669,0.9019673292551668,9.289256198347108,0.6772636590231743,3.727272727272727,1.0
3304.703162374208,554.8379122529288,1087.9155555555556,32.98356493097063,0.8252423303162535,0.9176923665334066,0.9176923665334065,10.543209876543209,0.7161213038956817,4.888888888888889,1.0
7238.286339064284,515.4454698051608,704.44,26.541288589667232,0.8329250387339082,0.9415471129916841,0.9415471129916841,58.543209876543216,0.7076448431851304,8.11111111111111,1.0
11.413784993200856,313.3071936569963,359.6666666666667,18.964879822099235,0.8654839136766846,0.9451279920743983,0.9451279920743983,6.694214876033058,0.7664504170528267,3.1818181818181817,1.0
7984.008274491419,593.5457738205914,975.4233333333333,31.23176801484881,0.8310779837228184,0.9368802204713239,0.9368802204713237,14.24,0.6954841639508469,3.4,1.0
1479.5231462002519,603.7270102833288,1054.24,32.46906219772909,0.7797655182880558,0.8948312495747878,0.8948312495747878,5.65,0.65482734973553,4.5,1.0
3945.759365365218,462.3030380425087,607.5122222222222,24.647763026737785,0.7709539843342362,0.9146845286811,0.9146845286811002,5.44,0.6127826722583846,3.6,1.0
4506.310881891749,726.8709679146575,1406.8488888888892,37.50798433519041,0.9050206540610626,0.9666548616189502,0.9666548616189502,18.360000000000003,0.8275462999527179,6.8,1.0
453.77913025169687,622.4377524092828,1261.7788888888888,35.52152711932426,0.782010771640492,0.8953172266764775,0.8953172266764774,4.446280991735538,0.6792331892001581,3.909090909090909,1.0
575.7851288595833,93.48451051534559,144.99555555555557,12.041410031867347,0.6700019267147763,0.8686264396002097,0.8686264396002097,1.8399999999999999,0.4550807857882404,2.4,1.0
9876.678318713435,1102.487413776378,3065.9288888888896,55.37083066822178,0.9376936542497385,0.978490227484013,0.978490227484013,33.160000000000004,0.8838807597190047,8.8,1.0
1603.4863649599051,666.092715695084,1177.9566666666674,34.3213733213965,0.9312245296435427,0.9805023758753095,0.9805023758753096,24.4,0.8530393025210317,7.0,1.0
8140.540880614961,868.7743210463615,1717.9155555555556,41.44774487901067,0.9332121578125132,0.9808889843246726,0.9808889843246724,26.06611570247934,0.8541448019549386,9.454545454545455,1.0
6714.227713433044,817.5807963773977,1564.2370207746126,39.55043641699308,0.9552382476716278,0.9964536132837606,0.9964536132837606,14.196725182252683,0.8762099037169375,6.980810234541581,1.0
160.3451055782651,330.89059223717356,344.02666666666664,18.547955862214753,0.6352206916407368,0.8363385356387771,0.8363385356387769,30.333333333333332,0.4107433532284322,5.0,1.0
1659.2814722491419,359.9796088629317,293.8766666666667,17.142831349186945,0.8873037117935771,0.9749468754387935,0.9749468754387937,6.8100000000000005,0.7650261447546022,4.7,1.0
2100.0790183934814,394.2165928267093,357.40555555555545,18.905172719537777,0.8854431518149986,0.9717836665582155,0.9717836665582152,8.01,0.7526032086522039,3.3,1.0
4579.377697797467,439.42053942346996,514.9709090378916,22.69297047629269,0.8067654337487369,0.9142963104966398,0.9142963104966401,15.290000000000001,0.6859762238188936,5.9,1.0
8580.003115810834,660.1394468046068,1172.8266666666668,34.2465570045613,0.8795088463524835,0.9635300980282239,0.9635300980282239,6.44,0.760299270644647,5.4,1.0
121.27391882991415,300.9565430426682,287.1066666666667,16.94422222076501,0.8449174356967045,0.9456343671381695,0.9456343671381695,6.617283950617284,0.7133134155843485,2.7777777777777777,1.0
1299.9006638967942,879.1453801122151,2183.5733333333333,46.72872064729927,0.8412959622322869,0.9366841907559729,0.9366841907559728,35.559999999999995,0.7241056453845278,5.8,1.0
5649.781265460749,326.59471667203337,406.4266666666667,20.1600264550091,0.771279537338195,0.9298330953937769,0.9298330953937766,1.5555555555555556,0.54444517347214,3.0,1.0
627.8135247552697,273.97920164253304,182.9155555555555,13.524627741847667,0.7311136720214378,0.8880391177722445,0.8880391177722443,9.107438016528926,0.5727556937830046,3.727272727272727,1.0
4498.623176188928,621.0041035612913,971.9600000000002,31.17627302934076,0.9407544696136818,0.9807896167147505,0.9807896167147505,20.2,0.8793945185977778,5.0,1.0
350.4129949159038,98.81177233559221,125.03222222222225,11.181780816230582,0.6821854176002882,0.8524971800372684,0.8524971800372685,3.7599999999999993,0.48682660568485553,2.2,1.0
1075.3484574991155,102.47566447661038,148.16,12.172099243762352,0.5455299290342487,0.8118343635957398,0.8118343635957399,0.65,0.25124990000799935,1.5,1.0
5343.336463356534,532.3256718981559,779.3155555555555,27.916223877085447,0.810926682102814,0.9270756105072255,0.9270756105072255,6.246913580246914,0.6651490323259283,6.555555555555555,1.0
2459.823135750284,508.44151343063703,1411.515555555556,37.57014180909564,0.7879920355785538,0.9016651105917075,0.9016651105917077,15.610000000000003,0.6640077612050997,5.7,1.0
3090.218491530204,539.9496482244236,1394.7155555555555,37.345890745242045,0.8019803321107289,0.9107360799971959,0.9107360799971959,14.89,0.6856908563859564,5.1,1.0
29176.326645706205,921.0532811167395,2227.315555555556,47.194444117454715,0.8670029720452153,0.9648094154405001,0.9648094154405,19.537190082644624,0.7115948024904694,4.909090909090909,1.0
15921.097433118875,924.1981239846966,2249.928888888889,47.43341531967616,0.8932323222631656,0.9766060209582783,0.9766060209582781,19.537190082644624,0.7594092411370584,4.909090909090909,1.0
1259.317264983974,715.0547553242267,1761.2222222222224,41.96691818828519,0.853718107014429,0.9324615655707569,0.9324615655707571,5.47107438016529,0.7724083303542012,3.727272727272727,1.0
1259.317264983974,715.0547553242267,1761.2222222222224,41.96691818828519,0.853718107014429,0.9324615655707569,0.9324615655707571,5.47107438016529,0.7724083303542012,3.727272727272727,1.0
1406.5444130143499,754.4481517258407,1873.5566666666666,43.28460080290295,0.8686568632260162,0.9341809968292527,0.9341809968292527,6.04,0.7988998148302999,4.4,1.0
2084.60318400675,726.1622178597274,1471.6488888888887,38.36207618063559,0.8965170047893587,0.9529755192106564,0.9529755192106566,5.5041322314049586,0.8271518065400062,6.363636363636363,1.0
2028.116332249075,682.1476937769053,1289.7066666666665,35.91248622229693,0.8901437166960079,0.9532250405687902,0.95322504056879,5.5041322314049586,0.80971383673807,6.363636363636363,1.0
14323.358128361953,1141.2091423473087,3440.4722222222217,58.65553871734725,0.9237634645484022,0.9730384289112056,0.9730384289112055,75.6,0.8549492111422403,9.0,1.0
10772.248532986445,938.9699612927354,2678.7955555555545,51.757082177761475,0.8799875826686385,0.9509565716072667,0.9509565716072665,50.33057851239669,0.7922814399174426,4.181818181818182,1.0
4410.552975491434,1038.4862084647823,3375.728888888889,58.10102313117118,0.8960829247364895,0.9543590211321921,0.9543590211321925,5.884297520661158,0.8212538570545204,9.454545454545455,1.0
4666.777614232864,919.8702787608009,2629.8222222222225,51.281792307038394,0.854735186396811,0.9402045736524006,0.9402045736524006,19.610000000000003,0.747963998880833,8.3,1.0
5779.9097826473435,1073.8035313892167,3325.7822222222217,57.669595301356345,0.9028899657834406,0.9630663098921701,0.9630663098921701,12.010000000000002,0.821692667047678,11.3,1.0
8260.980519767223,1258.2688267414642,4068.3288888888887,63.78345309630773,0.9515413137924265,0.9837374932409388,0.9837374932409387,28.04,0.8999271214704471,10.4,1.0
4503.841526482276,1039.9094829432502,3209.556666666667,56.65294932010748,0.9064667587230932,0.9647297583943182,0.9647297583943181,18.560000000000002,0.830423562594257,7.8,1.0
2012.9680761717625,812.0010204769263,2471.4266666666667,49.713445532035564,0.8413954461621935,0.9258530556039761,0.9258530556039761,20.429752066115704,0.7481580589529035,5.454545454545454,1.0
1646.560627612197,448.33711834023086,546.6988888888887,23.381592950200993,0.923242474383769,0.9905365824736574,0.9905365824736571,22.96,0.8199717676984264,6.2,1.0
3543.3105851173655,836.9155099457213,2102.7166666666667,45.855388632816826,0.8082825958708746,0.9208899707466559,0.9208899707466558,9.639999999999999,0.678271583410174,4.4,1.0
3253.1634768477697,1001.1914661870738,2789.0488888888885,52.811446570690414,0.8869062605856193,0.9575403944403467,0.9575403944403466,24.690000000000005,0.7903311080515257,6.9,1.0
6849.318759474791,1211.9142117373235,3870.965555555556,62.21708411325265,0.9481591955872705,0.9854941099422351,0.9854941099422351,27.090000000000003,0.889195285152481,10.9,1.0
7986.435886843833,1216.3643331911549,3929.928888888889,62.68914490475117,0.9429419781900008,0.9818451084059274,0.9818451084059274,37.8,0.8836630223321982,10.0,1.0
7172.745135559918,558.9356881403236,806.6900000000002,28.40228864017828,0.8811350793276936,0.9749286248915852,0.9749286248915854,7.960000000000001,0.727773714534428,3.2,1.0
3093.8087446677723,562.0427995059425,823.0488888888888,28.68882864267708,0.916709030765979,0.9859688134613588,0.9859688134613588,6.6899999999999995,0.80010307954645,2.9,1.0
1298.1908283271925,345.6777233170315,338.15666666666664,18.389036588866386,0.8810455565115635,0.9482026116575908,0.9482026116575907,5.333333333333333,0.8121449295362768,3.6666666666666665,1.0
1220.8573375136846,467.2373719769044,663.7288888888888,25.762936340582158,0.8045305359905028,0.9067541541103776,0.9067541541103775,4.64,0.7027553269928,4.4,1.0
1298.6950213689556,513.66752694145,834.6322222222223,28.89000211530318,0.8136302977663576,0.9120349472759722,0.9120349472759722,5.209999999999999,0.7126786530209728,4.3,1.0
4328.383081384067,1086.1896942971769,2971.9066666666668,54.51519665805735,0.9356076362072512,0.9826437519038438,0.9826437519038437,16.44,0.8609277894674925,12.4,1.0
5566.247405141854,762.4773432585623,1384.5822222222225,37.20997476782566,0.7934926907067721,0.918641738094587,0.9186417380945875,23.29,0.6416432964224354,11.1,1.0
6498.493827282838,881.6288994325431,1846.462222222222,42.97048082372621,0.9631505533705297,0.9931523187844524,0.9931523187844522,17.889999999999997,0.9088862893231127,7.1,1.0
6081.354297439121,931.4387417223254,2124.4266666666667,46.09150319382811,0.9536004784259999,0.9934811891370611,0.9934811891370611,16.0,0.8885199876149592,8.333333333333334,1.0
6870.70139253731,941.480516691508,2076.266666666667,45.56606924748575,0.9653315474661479,0.996035102792811,0.9960351027928109,8.89,0.9090746924679624,7.1,1.0
1608.6557503842569,856.4710574221563,2018.248888888889,44.92492502930738,0.9257936787571939,0.9743973646134875,0.9743973646134875,9.2,0.8555726342894978,7.0,1.0
3853.279035415007,654.1396374861838,1035.9155555555558,32.18564207151313,0.7866964703257663,0.913618456451945,0.9136184564519452,13.11111111111111,0.644523672981591,7.666666666666667,1.0
4228.723038581901,1051.8419276001462,2826.805555555555,53.167711588477786,0.9324016817457587,0.9744129900362061,0.9744129900362062,5.504132231404959,0.8739907302772729,8.363636363636363,1.0
3199.9638238377247,1086.943584759592,3372.8100000000004,58.075898615518646,0.9323014680001881,0.9778841933601051,0.977884193360105,10.909090909090908,0.866007539377815,7.0,1.0
10240.88961474083,946.138994875167,2081.7833333333333,45.62656390013753,0.8596853201639162,0.9565282087114192,0.9565282087114192,32.05,0.7156213111443803,10.5,1.0
18341.852040898066,874.0200487136285,1806.0,42.49705872175156,0.8656067077993989,0.9594646198495437,0.9594646198495437,28.666666666666668,0.7243345227841352,11.333333333333334,1.0
12422.457475505104,593.2970132200023,939.0888888888888,30.644557247395316,0.8975307035187773,0.9823738832209584,0.9823738832209585,43.802469135802475,0.7586023752994102,7.444444444444445,1.0
3045.9492892010294,352.3932016086724,672.3388888888887,25.92949843110909,0.756860969819878,0.918511150387408,0.9185111503874083,3.75,0.5361190757526935,3.5,1.0
3441.797772366749,571.6204422736923,935.4722222222224,30.58549038714636,0.8958085000784767,0.9518140386409224,0.9518140386409224,5.972222222222222,0.829339509655452,2.8333333333333335,1.0
1190.9900219958263,557.1883859596189,1078.5122222222221,32.840709831278346,0.8858209582365594,0.9503986067936855,0.9503986067936855,22.09,0.8047552704348434,6.1,1.0
1272.963888115801,258.0445283854083,200.83222222222219,14.171528577476115,0.6644905366004793,0.8478396694520751,0.847839669452075,3.135802469135802,0.5280244365882462,2.4444444444444446,1.0
2273.97690485942,769.508645437123,1490.1655555555556,38.60266254490168,0.929263905161065,0.9790441654493839,0.9790441654493841,37.58024691358025,0.8598099258339097,5.555555555555555,1.0
7581.74729368912,638.4914744150842,972.8266666666666,31.190169391439134,0.8963760979296465,0.9753362402157382,0.9753362402157381,15.728395061728394,0.7726046130558069,8.777777777777779,1.0
1649.9222783844114,551.1933396689395,963.7155555555556,31.043768385225974,0.8805884895233527,0.9598643118810274,0.9598643118810275,2.7600000000000002,0.778182077186855,4.8,1.0
1465.397653299957,631.4111446149759,1209.0222222222221,34.77099685401933,0.9043645396253565,0.9592596911851763,0.9592596911851763,17.157024793388427,0.8366520032512754,4.545454545454546,1.0
2040.6491285717077,524.3988544320985,767.3333333333334,27.700782179088975,0.768943155020479,0.9202941969501782,0.9202941969501782,23.333333333333332,0.6020368761463462,7.0,1.0
5019.32505235709,632.9562619111483,1003.2622222222221,31.674314865869192,0.9308558809420444,0.979771430701317,0.9797714307013169,17.854166666666668,0.8572966411794415,6.25,1.0
294.81104343015556,590.4465601926578,1417.1155555555556,37.64459530338393,0.8511327727191875,0.9339559640818071,0.933955964081807,4.925619834710744,0.7571007565707285,4.7272727272727275,1.0
1473.6705223392735,683.9352778146758,1426.3555555555554,37.76712268038903,0.879934320345781,0.9420735212426816,0.9420735212426816,10.59504132231405,0.8152522010684227,5.363636363636363,1.0
5632.159108201192,998.2549191190636,2683.8823999263213,51.80620040039919,0.9341236484805939,0.9739232375114901,0.9739232375114901,14.595041322314048,0.8769520074384283,8.363636363636363,1.0
788.8885721243845,99.87708114117292,172.4988888888889,13.133883237218493,0.5658278912309533,0.7482837914886896,0.7482837914886897,2.2222222222222223,0.4147953001665425,3.0,1.0
2049.8426741601957,349.06435593988004,389.4622222222222,19.734797242997512,0.7600154384637832,0.8860312736965917,0.8860312736965916,3.7190082644628095,0.667592286166046,2.909090909090909,1.0
200.26203070488114,184.7809412478077,138.95555555555555,11.787941107570717,0.5802072148225991,0.8801016891202567,0.8801016891202565,2.4897959183673466,0.2190948344794494,2.2857142857142856,1.0
1227.164353892568,1095.2761699734135,3899.098888888889,62.44276490426164,0.9153625768558734,0.9788011535939813,0.9788011535939818,15.652892561983471,0.8227111101105631,8.727272727272727,1.0
954.6485777738505,670.1595623783176,1345.6488888888887,36.68308723225035,0.853143842328738,0.9346048379115252,0.9346048379115247,6.222222222222222,0.7709919378011765,6.0,1.0
4047.8492369033115,916.0854603472582,2249.4266666666663,47.428121053512825,0.9454872733708232,0.9817729289077597,0.9817729289077597,8.040000000000001,0.8885800035959783,8.6,1.0
2201.3623626717335,656.6125235123492,1284.9655555555553,35.84641621634658,0.8452940434571591,0.930349162422202,0.930349162422202,2.4899999999999998,0.7624616156786067,5.1,1.0
698.7600528841006,786.1292806983458,2093.6222222222223,45.75611677385027,0.7757137701651728,0.9062205706292088,0.9062205706292088,20.6,0.6389068741398038,7.0,1.0
2243.277115628403,1037.4657360879273,3736.2888888888892,61.1251902973634,0.8709665222515167,0.9419533837846351,0.941953383784635,9.040000000000001,0.7925868211475439,4.4,1.0
340.12357107256116,649.3083331205587,2024.3788888888887,44.99309823616161,0.7213633701640175,0.8752373013933662,0.8752373013933664,6.9375,0.557331805292634,3.75,1.0
1250.1185087686272,487.6504137887632,697.9122222222221,26.41802835607196,0.7898467924856154,0.8931257973631155,0.8931257973631156,5.010000000000001,0.7024904437202388,3.7,1.0
2808.302615276435,678.3931636791142,1104.8622222222223,33.2394678390347,0.7776381512483347,0.9023768987128438,0.9023768987128438,120.41322314049589,0.6686221085160721,13.363636363636363,1.0
7916.70319265803,705.666647924736,2684.567302862301,51.812810219696644,0.6032305719626866,0.8168827623539135,0.8168827623539135,6.743801652892561,0.3830567779502462,3.272727272727273,1.0
23236.220149671615,980.928295685786,8458.144379700172,91.96817047055015,0.6286348539782806,0.8351113798784099,0.8351113798784098,60.24718456540002,0.4133949396106144,7.64958294470353,1.0
3433.2052839593084,531.5007323670837,784.6399999999999,28.01142624001855,0.7974758214868332,0.9179100804410194,0.9179100804410194,4.958677685950414,0.6597562080841038,2.3636363636363638,1.0
945.3308442104894,471.0811447170528,1102.488888888889,33.20374811506811,0.81457827023416,0.9213705249286184,0.9213705249286184,43.45,0.694041316169027,10.5,1.0
3341.197147384687,517.9502790013566,736.7655555555555,27.14342564149845,0.8556558772653446,0.9407396344205314,0.9407396344205313,12.75,0.7757679922638172,4.0,1.0
2525.55012466723,211.23269892758918,273.9566666666667,16.551636374288396,0.3895532661578386,0.7025890914034142,0.7025890914034142,10.75,0.1726915448915279,5.5,1.0
4089.674355093023,345.61490602584587,501.5155555555555,22.39454298608381,0.7446878477554385,0.9026008216015884,0.9026008216015885,25.654320987654323,0.564807511848038,4.111111111111111,1.0
4445.484860994145,1439.9186989876164,6200.245555555555,78.74163800401637,0.9173893061634246,0.9731954875177388,0.9731954875177389,70.69421487603306,0.8500641223110458,13.181818181818182,1.0
3161.9280273815903,1302.2425533034905,4950.276666666667,70.35820255426276,0.8902815532869206,0.951517768413594,0.951517768413594,70.16000000000001,0.8209158081474982,9.2,1.0
3434.028456853185,437.48314928654844,620.2488888888888,24.904796503663484,0.6111965294014078,0.8682674412743471,0.8682674412743473,13.45,0.34461753306518134,4.5,1.0
9557.677141562775,1177.1275988023426,4173.778888888888,64.60478998409397,0.9250674667435288,0.980821077372216,0.9808210773722159,28.246913580246915,0.837106256168545,12.444444444444445,1.0
865.3945415480564,467.5733497286353,1874.982222222222,43.301064908639624,0.724641114057547,0.880265490537678,0.8802654905376779,1.5061728395061729,0.548502583333136,1.2222222222222223,1.0
1646.0071868746938,396.55069091721424,415.3066666666667,20.379074234779818,0.8491556440220882,0.937241777852566,0.9372417778525658,27.04,0.7590214459997432,5.4,1.0
12324.060495769754,1933.7546156247306,11082.165555555555,105.27186497614429,0.9071248939182892,0.9631993305760836,0.963199330576084,33.057851239669425,0.8434044752206195,11.181818181818182,1.0
5629.776295384671,733.0197743232792,1257.8055555555557,35.465554493840294,0.959312799124199,0.9943235687648544,0.9943235687648547,40.89,0.8947657712702654,5.1,1.0
10638.140967977237,277.171652501036,486.84555555555556,22.064576940325768,0.6809721279881793,0.9172097738596952,0.9172097738596953,4.765432098765432,0.36585258234606305,4.888888888888889,1.0
1032.9645602241803,551.4183260309877,894.76,29.912539176739912,0.8796820216754057,0.9463666619906551,0.946366661990655,9.889999999999999,0.8100032617892156,6.1,1.0
209.40677893039017,306.45688494570373,254.20555555555558,15.943824997645816,0.8796468299932252,0.9525017088020449,0.9525017088020451,7.728395061728394,0.8050377234327232,3.2222222222222223,1.0
630.1947245709491,325.6160401321009,327.8622222222222,18.106966124180556,0.827938274497805,0.9327574754557681,0.9327574754557683,6.76,0.7381661372362073,3.2,1.0
9584.483045663572,1094.7427153113554,3103.9955555555557,55.713513222157836,0.9451756803775494,0.9859579330479545,0.9859579330479549,18.889999999999997,0.8797532324327179,9.1,1.0
4329.11928046376,576.247706794535,767.7433333333333,27.708181703845767,0.9251520070261579,0.9891286105404897,0.9891286105404898,24.024691358024693,0.8239940334998144,7.555555555555555,1.0
11133.225657833767,804.3622611785048,1713.088888888889,41.38947799729889,0.8870174177157016,0.9731608919560509,0.9731608919560508,66.6,0.7448605579986193,8.0,1.0
17624.443370496367,914.3249020547557,1973.9822222222224,44.42951971631274,0.9458779963602703,0.9961923828402495,0.9961923828402495,73.87654320987654,0.8544214940332432,8.11111111111111,1.0
103.38824058039911,60.64369237560302,73.98222222222223,8.60129189262998,0.5760221245773329,0.7796446904506413,0.7796446904506416,1.5599999999999998,0.4225306046163909,1.2,1.0
4200.400651138234,1019.9705069143321,3177.5733333333337,56.36996836377801,0.9029720793225858,0.9641606071979744,0.9641606071979744,6.69,0.8143871260715141,2.9,1.0
6481.804814736356,1214.5519046828742,4687.933333333333,68.46848423423242,0.8954753135202231,0.9568513145267551,0.9568513145267552,41.16,0.8206411733196812,11.8,1.0
8306.330907014111,1486.8271660221094,6426.632222222221,80.16627858533924,0.9182438317257335,0.9646510362789242,0.9646510362789241,34.51239669421488,0.8560964701651143,11.818181818181818,1.0
2622.67553446029,150.0746364836128,459.79555555555555,21.442843924152307,0.4811085810394682,0.762442478182874,0.7624424781828739,6.984375,0.23275400983367805,3.375,1.0
691.11803210115,741.8407784254082,1724.182222222222,41.52327325997099,0.899289637930952,0.9542871298683973,0.9542871298683973,5.107438016528926,0.835334926359077,5.2727272727272725,0.0
95.55714550003589,92.25269628063413,44.79555555555556,6.692948196090835,0.7187610732357232,0.9191661734367461,0.919166173436746,1.4097222222222223,0.49364465169604566,0.9166666666666666,0.0
22.657476438726455,120.18770101470402,56.54333333333334,7.519530127164418,0.8112109549355319,0.9251433647675367,0.9251433647675364,1.2430555555555556,0.6936207562865582,1.5833333333333333,0.0
1601.0430600107327,214.59974187263583,318.8488888888889,17.85634029942555,0.705450360124814,0.8952515490348663,0.8952515490348663,2.75,0.4658362101943876,1.5,0.0
1449.6358532635454,657.0047210573053,1570.3955555555553,39.628216658784375,0.8763425492232673,0.9512237490791059,0.9512237490791055,1.8181818181818181,0.7685612589232061,3.0,0.0
235.00049680384694,817.782313244236,2382.864899277785,48.814597194668984,0.6737031526237925,0.8441947217971316,0.8441947217971316,12.88888888888889,0.4947968889404991,8.0,0.0
339.0651451351662,373.2804585832264,466.18222222222226,21.59125337311899,0.8572800744173883,0.9380858092752442,0.9380858092752442,2.0,0.7596891587987106,1.0,0.0
268.3719021732161,124.2141101804636,136.37888888888887,11.678137218276246,0.6906243925943947,0.8659644684953375,0.8659644684953374,4.648888888888889,0.513385457544296,1.5333333333333334,0.0
2463.49621124934,399.8861019834211,536.848888888889,23.169999760226347,0.6052357850691336,0.6893385811171705,0.6893385811171706,1.81,0.46352883171023596,1.7,0.0
212.15384547992997,520.3517500861931,974.5955555555556,31.2185130260164,0.8232666965474649,0.9142417422470245,0.9142417422470246,5.2,0.7138353307430851,5.0,0.0
5139.834348096897,955.1120615432066,2505.4322222222227,50.054292745200414,0.8021165818551852,0.841352967584718,0.8413529675847181,18.959999999999997,0.7368718962810732,9.2,0.0
835.2367833773038,413.0765678254837,757.3955555555556,27.520820401208166,0.6431905745503806,0.7656726843310186,0.7656726843310186,12.41322314049587,0.5302146537256329,4.363636363636363,0.0
5098.05622364637,351.671193205221,538.3566666666667,23.202514231579876,0.6098373445113834,0.7365191601602408,0.736519160160241,13.36,0.45594652588157514,6.8,0.0
2551.649104266179,496.4583845944189,663.4276994400041,25.757090275106854,0.8961629779192337,0.9604457958204622,0.9604457958204622,15.02289960061416,0.8124607798939156,2.439400677585414,0.0
30.132318234732818,557.5494781705319,1146.85,33.8651738516134,0.8237626044008746,0.8920611630357819,0.8920611630357818,33.55555555555556,0.7221471373278497,6.333333333333333,0.0
3544.2783890486508,541.3068794061297,1187.9288888888889,34.46634429249625,0.562693747902178,0.7440050851244886,0.7440050851244887,37.80246913580247,0.36339582200539094,9.444444444444445,0.0
176.81014406039037,338.55258821765153,380.9288888888889,19.517399644647565,0.6970296501617598,0.9009732611671971,0.9009732611671972,7.111111111111111,0.49646543018300926,3.6666666666666665,0.0
477.2355059702857,238.60469244824262,551.1822222222222,23.47727033158289,0.472047961553348,0.6936427001632718,0.6936427001632716,7.25,0.2661314310698262,2.5,0.0
13.948895169149738,252.44204098403173,264.3122222222222,16.257681944921366,0.5863904341126145,0.7172176351867617,0.7172176351867616,9.157024793388429,0.47663467588135794,2.5454545454545454,0.0
13956.166045413824,861.2148645981986,1956.2666666666667,44.22970344312368,0.6790996455834242,0.7969966250517054,0.7969966250517053,14.444444444444445,0.551674391130498,9.0,0.0
4570.720048755205,579.2674366669609,993.7333333333333,31.52353618065926,0.7968866803396523,0.8795463062779626,0.8795463062779626,26.098765432098762,0.6765731920032202,7.888888888888889,0.0
472.0551924414392,313.523728838048,488.84555555555556,22.10985200211787,0.787508275895883,0.8813360337816777,0.8813360337816777,5.061728395061729,0.665084455718171,3.2222222222222223,0.0
937.0421227773179,483.06629980711995,834.9155555555557,28.89490535640419,0.8084520666285422,0.9242003779857793,0.9242003779857796,73.8,0.6896186440677965,5.0,0.0
738.3523564658435,546.6723015065676,1128.9433333333334,33.599751983211625,0.8304200177072449,0.9236226083448801,0.92362260834488,1.603305785123967,0.7348211880857451,1.8181818181818181,0.0
6082.1779388571,986.2055652510626,2746.8488888888883,52.41038913124847,0.8709030977371593,0.9400160875388861,0.940016087538886,43.75999999999999,0.7813839750653007,3.8,0.0
1639.4704484588328,768.6696804889986,2428.24,49.27717524371704,0.8661840910053606,0.9611110416853642,0.9611110416853643,46.209999999999994,0.7427101598353205,9.3,0.0
231.58696475220088,158.55445558466192,65.77888888888887,8.1104185396864,0.7706686904420053,0.8534402669106824,0.8534402669106826,2.086734693877551,0.6819160337006321,1.3571428571428572,0.0
49.639411279199635,262.1958805566263,545.1155555555556,23.347709856762304,0.18838935562810624,0.28100646662425116,0.28100646662425116,2.21,0.08484416940931762,2.7,0.0
204.58322521821898,175.59886231142877,358.8622222222222,18.943659156092895,0.19411791765155478,0.2212608089594358,0.22126080895943584,0.4132231404958677,0.17476221143366683,0.6363636363636364,0.0
1045.3610746561935,364.16881511409434,463.97888888888895,21.540169193599407,0.6162321972093009,0.7167621165218494,0.7167621165218495,5.777777777777778,0.48237640654680713,3.3333333333333335,0.0
4211.318591309272,1016.1711023088715,2844.266666666667,53.331666640624185,0.8499177962015483,0.9117676535817971,0.911767653581797,8.62809917355372,0.765516594787174,8.909090909090908,0.0
3041.122536762569,839.7255191782249,2214.8322222222223,47.0620040183397,0.890625847685048,0.952759418688227,0.952759418688227,28.330578512396688,0.82024210400576,5.818181818181818,0.0
1177.5145696907232,48.37011129433235,776.6488888888889,27.868420997410112,0.18342990887999075,0.2284963752315183,0.22849637523151833,14.69135802469136,0.10643130283064815,4.444444444444445,0.0
3286.480986650025,525.0659082304321,720.5388888888889,26.842855453339702,0.6730715216455054,0.8582962464502806,0.8582962464502807,13.506172839506174,0.5778896624868389,4.222222222222222,0.0
2452.5620921758496,700.343787149271,1323.6266666666668,36.38168037167424,0.9420794095299494,0.9839622104090188,0.9839622104090188,6.5123966942148765,0.8822528003868159,4.181818181818182,0.0
5723.735330260458,463.8916761915076,556.1288888888888,23.58238513994903,0.8736663762996588,0.9486882640563218,0.9486882640563219,24.1875,0.7530131126899263,6.25,0.0
142.1575412254434,61.78395229868105,242.96555555555554,15.5873524228958,-0.03804216810404238,0.01983615292582829,0.01983615292582829,1.125,-0.09388670141223081,1.0,0.0
15.180488328567979,75.2862842889969,62.17888888888889,7.885359147742663,0.13734820423407137,0.2187490179429149,0.21874901794291496,0.41000000000000003,0.058713508812685083,0.7,0.0
111.17560060327587,114.647633270165,90.29333333333334,9.502280428051645,0.3241498607712425,0.7078691162392813,0.7078691162392812,0.9600000000000002,0.036129159283323026,1.2,0.0
2188.6499451223845,1096.9094377152094,4557.182222222222,67.50690499661661,0.84061576200944,0.9393467039221053,0.939346703922105,16.16,0.7255990110414775,9.2,0.0
1560.6754614442227,226.88892716059712,716.2233333333334,26.762349174415412,0.07950832042944835,0.1465296174393686,0.14652961743936865,15.1875,0.033031803136100164,6.25,0.0
627.1193828372627,210.28434035605636,266.7155555555555,16.331428460350782,0.7933319367639742,0.9097447077231243,0.9097447077231243,4.628099173553719,0.6515583254181178,3.090909090909091,0.0
1113.9077179451967,439.32531041909056,572.0666666666667,23.917915182278467,0.8595401801321856,0.9566644832810258,0.9566644832810257,2.512396694214875,0.7447979385981949,1.8181818181818181,0.0
1392.0730572726047,233.56951218161973,256.58222222222224,16.01818411126,0.48197180519503025,0.6394108466197868,0.6394108466197869,14.234375,0.29051597543395724,4.625,0.0
8903.162878957082,840.174507923081,1633.8622222222223,40.421061616714404,0.9607295285919076,0.9964555694890634,0.9964555694890636,59.609375,0.8891962723483944,11.125,0.0
173.97333386355496,238.21642953944516,527.6055555555556,22.96966598702636,0.5721566285539793,0.6714550410460618,0.6714550410460616,2.6172839506172836,0.43228726098925835,1.7777777777777777,0.0
1996.4616168977075,612.2760796581434,1860.69,43.13571605989635,0.7078418681856117,0.8121086337826847,0.8121086337826845,57.489999999999995,0.5940940268474677,7.9,0.0
3274.6174435594903,1370.2386880191596,5825.915555555554,76.32768538057181,0.8951421437458923,0.9694431005717118,0.9694431005717112,4.8099173553719,0.8065279031223537,8.090909090909092,0.0
9773.99599947139,1144.5030300198166,3561.733333333333,59.68025915940155,0.7307637800749769,0.7926303478740172,0.7926303478740172,54.85,0.6523041215887396,8.5,0.0
678.8862683408229,655.8726565758714,1777.6888888888889,42.16264802984851,0.8223112048459568,0.9040258047385129,0.904025804738513,5.090000000000001,0.721223561178059,4.9,0.0
1636.722184068917,159.03630258858257,191.5122222222222,13.838794102891415,0.6276469569267823,0.8434164541182511,0.843416454118251,6.49,0.3898993649633295,3.1,0.0
218.67542271497135,275.75629124379617,328.1144266834342,18.113929079121245,0.6187025935341987,0.8047638567623032,0.8047638567623029,0.14658953862658525,0.4730249791520911,0.8830957963537752,0.0
2486.1300614540833,1224.1141519603166,4558.333333333333,67.51543033509698,0.911564377121964,0.9597579272520962,0.9597579272520961,17.05,0.8452813325208207,9.5,0.0
14663.111503271923,398.0134671045706,974.673139645442,31.219755598746158,0.6226903715556227,0.8380039725969901,0.8380039725969901,17.80246913580247,0.3288772966525786,5.555555555555555,0.0
2374.0889104638222,292.26772869860025,255.45,15.982803258502559,0.8505997818974919,0.9550758971659209,0.9550758971659209,6.639999999999999,0.7184489245557948,2.4,0.0
26360.12084273673,245.02836027481948,1437.706269758511,37.91709732770312,0.5340992410588629,0.7998457419578248,0.7998457419578247,39.1875,0.19712947187293073,11.25,0.0
1155.6053741617661,525.2643385081724,729.1388888888888,27.0025718939676,0.8608382360144333,0.960224428910921,0.9602244289109207,14.6875,0.7321040801554346,3.25,0.0
150.1595734229513,154.73301174232338,69.71555555555555,8.349584154648396,0.6161932387388209,0.849419864847635,0.849419864847635,6.159999999999999,0.42172071344581863,2.8,0.0
2536.0311499333848,480.4036677454833,685.0622222222222,26.173693324065333,0.8733369602390417,0.9574528677765324,0.9574528677765322,3.7777777777777777,0.754996031720287,2.3333333333333335,0.0
4828.169264562338,711.736485429454,1243.4888888888893,35.263137819667854,0.9248970510519554,0.9821889098340905,0.9821889098340907,20.959999999999997,0.8426510038462071,6.8,0.0
1230.1386271110703,623.0059091458512,1143.0488888888888,33.80900603225254,0.927476612257277,0.9748634893785447,0.9748634893785446,7.884297520661156,0.8581536752043701,3.4545454545454546,0.0
31.598700762449578,267.3783371462456,338.84555555555556,18.407758026320195,0.7355392516232755,0.8663064774025939,0.8663064774025939,1.884297520661157,0.583313567600083,1.4545454545454546,0.0
1338.3615278066552,317.347810581183,228.99555555555557,15.13259910113116,0.9595410460589792,1.0023879062720018,1.0023879062720018,2.4400000000000004,0.8811621768496236,3.6,0.0
2136.2088150404093,455.9868540943244,643.9822222222223,25.376804807190016,0.857830049533064,0.9493006160899231,0.9493006160899232,20.691358024691358,0.7425295077542206,5.555555555555555,0.0
6196.285825605686,942.7582852062924,2751.778888888889,52.45740070656274,0.8989897847897179,0.9654161991123846,0.9654161991123846,17.6,0.8226539788470838,9.0,0.0
1493.2205228829314,716.8016598949608,1651.7388888888886,40.6415906294142,0.8849211821500286,0.9604362150790351,0.9604362150790353,19.44,0.7888226287522654,4.4,0.0
303.7339217326218,173.392329621461,207.51666666666668,14.405438787717182,0.33895728398178,0.72495215728414,0.72495215728414,6.4375,0.042522242747124274,5.25,0.0
2076.230667124711,767.4878792603201,1808.1433333333337,42.52226867575781,0.8679586084225833,0.9421211076555508,0.9421211076555509,22.25,0.7903079217539907,7.5,0.0
543.0571617050132,707.0755563782401,2060.645555555556,45.39433395871731,0.8103573182914552,0.9139722404813474,0.9139722404813475,7.777777777777778,0.6954317743768298,4.666666666666667,0.0
657.2942680472825,315.9422711025857,273.12888888888887,16.52661153681809,0.7559562553175663,0.9225986804820652,0.9225986804820653,14.4375,0.5510336548023274,3.75,0.0
1158.760212388039,402.26209633558364,506.3788888888888,22.502864015251234,0.8767449995877985,0.9530716516315343,0.9530716516315343,0.489795918367347,0.7875333187539024,0.7142857142857143,0.0
1912.5913725204534,175.10301984625397,335.7655555555556,18.323906667399164,0.4405105035968502,0.8023248980627675,0.8023248980627673,38.285714285714285,0.026432685063541888,7.0,0.0
2724.8080016498707,798.1857976509446,1870.9822222222224,43.25485200786407,0.7664353024656941,0.9066855207242959,0.9066855207242959,24.56,0.6104104822211295,6.8,0.0
993.2357015219775,537.2864017084528,1335.5946019829503,36.545787746099414,0.7333447367982009,0.8564983549524169,0.8564983549524171,6.512396694214875,0.5865529024620054,2.8181818181818183,0.0
380.4829925553817,370.4733961829036,956.7655555555556,30.931627108116306,0.6913134746482983,0.8431412092009714,0.8431412092009714,3.076388888888889,0.551305639977078,1.9166666666666667,0.0
409.8758306516498,431.77892420231717,635.3733333333334,25.20661288894907,0.8363182051197493,0.9176923405336131,0.9176923405336133,1.7430555555555556,0.7537429146351984,2.4166666666666665,0.0
127.3998005545404,142.92986878330652,73.89333333333335,8.596123157175759,0.6029540650616073,0.8362286738262047,0.8362286738262046,2.429752066115702,0.37756124944865455,1.4545454545454546,0.0
2851.2968637532704,191.7088551271974,371.4205977978925,19.272275366388175,0.4499770122338446,0.6557809060730356,0.6557809060730355,11.6,0.23597889760626656,5.0,0.0
3866.089217393184,382.7522327872696,402.63222222222225,20.06569765102181,0.8148282551763535,0.9390874285984537,0.9390874285984537,21.580246913580243,0.6642428022264597,7.555555555555555,0.0
3582.198700263299,990.753872618058,3366.417238395097,58.02083451998167,0.8643477678326158,0.9367430395301081,0.9367430395301082,26.159999999999997,0.7783052432611479,10.2,0.0
2785.133850371354,344.6043703629857,687.1955555555554,26.21441503363284,0.8319038595330642,0.9436719981998021,0.9436719981998021,5.652892561983472,0.6787680973518421,3.727272727272727,0.0
276.01017838343256,51.68336578593998,21.04,4.586937976471886,0.43230581205866386,0.7729775796512391,0.7729775796512394,0.5,0.1480777355302071,1.0,0.0
6191.916552901354,850.405997402847,2593.782222222222,50.92918831301184,0.8082263028531971,0.9144527711983665,0.9144527711983665,19.09,0.7074641369322153,8.1,0.0
443.70279992443375,79.13583874395003,75.22666666666667,8.673330771201261,0.48630171671646333,0.7405481059541125,0.7405481059541125,5.49,0.2925873409744377,3.9,0.0
516.8493844409201,359.4041465125869,523.6399661898689,22.883180858217,0.6774063741711772,0.8393643790452386,0.8393643790452388,0.23270619759306074,0.5386538807516805,0.7173022280034402,0.0
2211.3069988652887,331.4271079098031,767.6900000000002,27.707219275849393,0.7690920628304206,0.9004034045710799,0.9004034045710798,18.098765432098766,0.6278609759051083,5.111111111111111,0.0
4918.398144418198,783.1703513892302,1497.462222222222,38.69705702275332,0.9296710667741362,0.9789066375490346,0.9789066375490347,24.617283950617285,0.8597604308985639,6.222222222222222,0.0
211.13575320907768,531.871040595584,1408.6988888888889,37.532637648970116,0.746117350435835,0.8775253086045189,0.8775253086045187,0.9876543209876544,0.6113398047633658,1.8888888888888888,0.0
43.12886074625981,97.16521855463972,25.911070995847158,5.090291837984061,0.893494283853487,0.9563658786722029,0.9563658786722028,0.08810590776591969,0.8128948585309378,0.934437288721101,0.0
1349.8066793721496,208.22338878980395,148.6,12.190159966136621,0.7637954239569313,0.9469995823084421,0.9469995823084421,17.25,0.5201635013209711,4.5,0.0
2567.7461562815106,731.2152112042928,1344.5955555555556,36.6687272148292,0.9614147264675801,0.9961974065952803,0.9961974065952806,8.84,0.8955133050243022,5.4,0.0
427.58529782260035,452.5174813291338,746.1155555555556,27.315115880324498,0.8707302668976763,0.9492959088851294,0.9492959088851295,6.909090909090909,0.7866394772861449,3.0,0.0
2751.1359701978226,1393.4996964458326,6782.938888888888,82.35859936211207,0.8747267742139679,0.9443689303744147,0.9443689303744146,69.88429752066116,0.7926573398889972,12.454545454545455,0.0
4346.583472891518,841.1163072438726,1996.4374732634903,44.68151153736286,0.7467198640252797,0.8813961069231468,0.8813961069231468,12.024691358024691,0.6007620203142673,5.555555555555555,0.0
2977.2254682154685,196.2589577555565,159.76446006735551,12.639796678244295,0.6034092295798069,0.8716540445099877,0.8716540445099878,0.19813068192837963,0.4149261027782683,0.7482946881657213,0.0
38.06465946018514,149.23907561537683,83.71555555555555,9.14962051429214,0.7653600248763764,0.8894029041966595,0.8894029041966593,0.4462809917355371,0.6367299025506712,1.0909090909090908,0.0
998.8787358021764,350.15910868330053,647.9969996745931,25.4557851906908,0.3347914899646871,0.4231148120013894,0.42311481200138945,2.9876543209876547,0.24597413041941618,3.111111111111111,0.0
338.6210058881128,321.1469530171482,321.87666666666667,17.940921566816645,0.8287912702440007,0.9257358158529342,0.9257358158529342,16.61,0.7178077179319894,3.7,0.0
615.6545141781525,295.47494470936147,472.2266666666667,21.730776945766728,0.7138006768339659,0.8510057025021103,0.8510057025021104,1.654320987654321,0.5683617095368514,1.8888888888888888,0.0
5947.374051054045,612.1257583327091,847.1333333333333,29.105555025344103,0.873829385378138,0.9527466533515332,0.9527466533515331,5.609999999999999,0.7593364986927591,7.3,0.0
7511.5739853732675,2103.624561006736,12551.254381044506,112.03238094874403,0.9179057795714491,0.9697984810475868,0.9697984810475871,4.45,0.8474135060003455,14.5,0.0
204.05042345297628,168.086462163841,117.68888888888888,10.848450990297595,0.7341119982736298,0.876230596937181,0.876230596937181,0.7272727272727273,0.602865894595502,1.0,0.0
668.8419081246374,311.99112516880433,380.02222222222224,19.494158669258397,0.8582622570108681,0.9428264933085181,0.9428264933085181,2.59504132231405,0.7444983724148684,3.6363636363636362,0.0
7338.392334476345,568.1755205295619,868.9822222222222,29.47850440952224,0.7995162375689276,0.9123891621836546,0.9123891621836545,17.56,0.6660813359633436,4.8,0.0
3426.172072926438,470.363236911542,568.9142553600333,23.85192351488729,0.8307069835749766,0.9482271213114607,0.9482271213114608,34.95521561830633,0.6847063877323589,6.987500396561026,0.0
88.44884499066883,103.53880946749514,36.51222222222223,6.04253442044166,0.6619027331574117,0.7980752784193395,0.7980752784193391,1.432098765432099,0.5436400461201895,1.1111111111111112,0.0
2442.2763462495227,322.5524637459153,273.35999999999996,16.533602148352305,0.7948074752288977,0.9251864410200521,0.9251864410200522,3.41,0.6998070648933981,1.7,0.0
1035.2542859961059,608.8026101257337,1299.2622222222224,36.04528016567804,0.8443599004661009,0.9377964694611239,0.9377964694611239,27.283950617283946,0.7271948448616233,6.777777777777778,0.0
51.92590678753202,125.76482763809577,78.33888888888889,8.850925877493772,0.8284873413233104,0.9301492435117099,0.93014924351171,1.3599999999999999,0.685806365190806,1.2,0.0
510.99872773380565,297.0537601402564,264.5788888888889,16.265881128573668,0.7995352902815914,0.9117605957793985,0.9117605957793986,0.76,0.6799395638725221,1.8,0.0
15207.298181398197,822.9279091061342,2203.899425289796,46.945707208325196,0.7240839899077334,0.8679233353210527,0.8679233353210525,19.05785123966942,0.5743752457343296,8.181818181818182,0.0
2253.587547201225,243.57493816393472,254.8988888888889,15.965553197083054,0.7252966162119682,0.9175870351116608,0.9175870351116607,2.5,0.4640857352782342,3.5,0.0
2973.58839981641,562.3000472955838,893.4099999999999,29.889964871173735,0.7724225159781065,0.9301483004482247,0.9301483004482246,44.666666666666664,0.5556625115506256,9.666666666666666,0.0
815.9161369539954,1060.0073890360266,3742.0722222222225,61.17247928784825,0.8808235017903454,0.9415381186187892,0.9415381186187892,23.243055555555557,0.8120781101512216,8.916666666666666,0.0
267.9689019863208,125.2333450776666,73.37333333333335,8.565823564219226,0.7550816437787178,0.9136270498223537,0.9136270498223538,1.702479338842975,0.5620772507924968,1.4545454545454546,0.0
104.32437853306405,373.263892752638,491.2455555555556,22.16405999711144,0.6997148808971816,0.865181391675504,0.8651813916755041,4.17283950617284,0.5566226339747615,3.7777777777777777,0.0
226.9420843317375,145.5212046256444,142.74333333333334,11.947524150774225,0.5467405699874234,0.7877679332811003,0.7877679332811006,0.5,0.3597054542340955,1.0,0.0
235.22818479008674,239.46764365415308,242.20555555555558,15.562954589523018,0.7972779909495737,0.9332538698882317,0.9332538698882318,8.57844990548204,0.62765531777161,1.173913043478261,0.0
2505.3866204881188,569.9621852849637,769.0933333333334,27.732532039706243,0.8270276194108586,0.9327489959815349,0.932748995981535,13.09,0.7055002716040824,6.9,0.0
8176.925196265926,860.4031860230838,2067.9955555555557,45.47521913697125,0.8671484817903571,0.9424306402609045,0.9424306402609045,10.776859504132233,0.7929319522381189,6.363636363636363,0.0
897.8893291127569,454.45118690512123,647.2933333333333,25.441960092204635,0.9027658028008204,0.9594307116530517,0.9594307116530515,2.4099999999999997,0.8238682788500491,2.7,0.0
660.9223818034586,509.5947545472635,998.57806571927,31.600285848695577,0.8067991061915384,0.9126477457101071,0.912647745710107,7.010000000000001,0.7215005746006438,4.7,0.0
818.2446220093859,395.7997315713757,376.9822222222222,19.416030032481466,0.7726300090779407,0.8810484879110533,0.8810484879110533,3.7190082644628095,0.6193775388432371,3.909090909090909,0.0
305.2328457622072,253.05472969664189,268.97888888888883,16.400575870648225,0.675397018825458,0.8438997833298602,0.8438997833298599,10.69135802469136,0.567055838518696,3.5555555555555554,0.0
4544.740635168026,648.0483567317902,1319.4488888888889,36.32421904031646,0.8243818246386658,0.9373483925251969,0.9373483925251969,8.839506172839505,0.6779976226512827,6.777777777777778,0.0
7630.62543084261,998.682615376653,2871.0455555555554,53.58213840036207,0.9154607245289269,0.9710353160220151,0.971035316022015,25.834710743801647,0.839461934738878,9.727272727272727,0.0
601.0315196793039,264.72748135195684,263.87666666666667,16.24428104492983,0.7284138874402002,0.921526383581323,0.921526383581323,2.9375,0.5148631445386243,3.75,0.0
555.155560917746,508.5098188325172,764.6455555555556,27.652225146551146,0.9064995774575085,0.9649672156718594,0.9649672156718593,8.09,0.8346707560301074,4.1,0.0
3339.7962914927843,352.6497333175718,336.29888888888905,18.33845383037755,0.7461224732534311,0.8996682503169214,0.8996682503169214,8.888888888888891,0.568581886850358,2.6666666666666665,0.0
1044.0510378519632,303.19117143936705,253.81750555485462,15.931651061796911,0.859449343183014,0.9317671879061805,0.9317671879061807,0.6666666666666666,0.7877074911673515,1.6666666666666667,0.0
414.17665911044395,30.34334664634238,40.27666666666666,6.346390049994301,0.5937681039476951,0.8505052695865094,0.8505052695865094,1.359375,0.29355292559794727,1.875,0.0
5210.435813535937,617.7115260174193,953.0722222222224,30.871867812333974,0.7786639863898785,0.9077409876549661,0.9077409876549665,8.246913580246915,0.6838281917411981,8.555555555555555,0.0
1533.3053575681754,692.9008897799015,1199.6455555555556,34.63589980866031,0.7906945927282487,0.907561521444281,0.9075615214442814,7.49,0.6448222515107086,7.1,0.0
1567.483381662088,266.6484018147079,251.36555555555555,15.854512151294834,0.6658247048029081,0.9115220601157723,0.9115220601157723,7.25,0.3832051200823551,3.5,0.0
67.45999546294816,42.47672939607664,17.378888888888888,4.168799454146108,0.6249874414314027,0.8457458183509741,0.8457458183509741,0.36000000000000004,0.4572100391421405,0.8,0.0
437.3377070561201,245.79070046106287,149.3388888888889,12.220429161403821,0.878541402052432,0.9722480562479072,0.9722480562479071,3.44,0.7418085471357297,2.4,0.0
5896.205152583134,379.19268784426873,495.6055555555556,22.26220015082866,0.7140935491774533,0.8958370135068326,0.8958370135068325,38.96,0.5004664452141725,6.8,0.0
2933.621293004414,133.53167179783753,161.78222222222217,12.71936406516545,0.6989917859399468,0.8950123575612269,0.8950123575612269,10.909722222222221,0.44139813008800133,4.583333333333333,0.0
1344.2599474130932,322.6713654815725,376.00555555555553,19.390862682087032,0.7966679823626381,0.9152290995944973,0.9152290995944973,4.743801652892563,0.6431232136378336,3.272727272727273,0.0
5155.247297566811,910.715847442709,2035.2988888888892,45.11428697085757,0.7935589663793385,0.9106137856073967,0.9106137856073968,25.702479338842974,0.6517002598762909,8.545454545454545,0.0
123.50836318729387,149.919571470451,77.44,8.8,0.635920897284534,0.8094542604730695,0.8094542604730693,0.29000000000000004,0.4817684419957149,1.1,0.0
2718.3490772276264,673.3960499987088,1591.4455555555555,39.89292613428545,0.8890485110521962,0.9624650751868306,0.9624650751868303,62.25,0.7837692247959362,8.5,0.0
984.4702302309393,661.9519274913202,1239.8322222222225,35.21125135836871,0.7605655936805579,0.8961557059027357,0.896155705902736,18.610000000000007,0.6024619420329769,5.7,0.0
1302.4103355934012,720.5419990649698,1474.5655555555556,38.40007233789483,0.9064202714321127,0.9737299856953777,0.9737299856953777,30.609999999999996,0.8243088296942198,5.3,0.0
118.86960788948788,162.4284115247452,111.0988888888889,10.540345767046206,0.7327441732876332,0.8747303582704441,0.8747303582704442,0.69,0.6426473578760331,1.1,0.0
4498.623176188928,621.0041035612913,971.9600000000002,31.17627302934076,0.9407544696136818,0.9807896167147505,0.9807896167147505,20.2,0.8793945185977778,5.0,0.0
1747.2328208420024,1039.8617106936474,3600.698888888889,60.005823791436185,0.8981880413604008,0.9618886035545184,0.9618886035545183,23.355371900826444,0.8076044976316497,9.090909090909092,0.0
943.8842587055027,611.3109308406052,1339.6622222222222,36.60139645180525,0.8555867908897196,0.9313308918952063,0.9313308918952065,5.0578512396694215,0.7678419767503583,4.181818181818182,0.0
1800.9458910342848,300.089338707099,211.75555555555556,14.551823100751175,0.8602311740101647,0.9522835916494476,0.9522835916494479,4.25,0.7327922948659649,2.5,0.0
864.2801022155757,771.7277954739567,1682.5822222222218,41.01929085469691,0.8628156382461275,0.942170804972361,0.9421708049723609,11.876543209876543,0.7707732588563906,7.111111111111111,0.0
320.7622087246697,278.71593325285727,307.0055555555556,17.521574003369548,0.7499799652040835,0.9054805128515526,0.9054805128515527,3.7777777777777777,0.6151314268250262,2.0,0.0
1630.375328213079,219.43701651395133,131.42666666666668,11.464147009990175,0.8685778054754416,0.9684593130035367,0.9684593130035365,3.421487603305785,0.7054433961200727,2.1818181818181817,0.0
2442.9311975695446,464.4582558547006,553.5333333333333,23.52728911994183,0.7950224531580669,0.930137424362611,0.9301374243626109,4.05,0.6180497009113172,3.5,0.0
16112.751558799051,485.29796571388766,1015.256304481001,31.86308686365778,0.6202976251244114,0.8155124250671724,0.8155124250671723,6.010000000000001,0.42301011437521113,4.3,0.0
455.02442386430454,135.29233812781072,116.54333333333335,10.795523763733437,0.30620737841228063,0.6934552487506496,0.6934552487506497,4.857142857142857,0.0896916422758027,3.0,0.0
6990.9808422659125,946.7571416722269,2461.048888888889,49.60895976422897,0.9181765188774846,0.9700655310410589,0.9700655310410585,39.13888888888889,0.8502088038744495,5.833333333333333,0.0
344.2854867328075,462.1105218744083,565.7733333333333,23.78599027438911,0.6934680218563045,0.879470028613059,0.879470028613059,12.560000000000002,0.500875890619722,3.2,0.0
2707.159024702293,686.3688132282165,1243.7733333333335,35.26717075884219,0.8613788150038055,0.941585246526421,0.941585246526421,3.69,0.7612236122575626,4.1,0.0
5953.37935084915,618.938968421892,931.7822222222222,30.525108062416784,0.9615788347573551,0.9989254720365324,0.9989254720365324,18.41322314049587,0.8935092659281909,4.363636363636363,0.0
29.266822684960573,147.48582300358743,82.74667654406184,9.096520023836689,0.7190705324130312,0.8603891724670939,0.8603891724670939,0.08810590776591969,0.5377709085473692,0.934437288721101,0.0
1161.7379920287365,32.78823588701215,135.8222222222222,11.654279137819817,0.5001577692595365,0.8128159415056871,0.8128159415056873,3.0617283950617287,0.2253308609656778,4.222222222222222,0.0
1097.4841200921107,195.49072840642592,148.96555555555554,12.20514463476593,0.616297258447942,0.8759177273874158,0.8759177273874158,3.25,0.3602448490453921,4.5,0.0
8995.966040166515,809.7344324167337,1688.89,41.09610687157605,0.8799160564462033,0.9560715352523926,0.9560715352523927,32.559999999999995,0.7739637451992902,6.8,0.0
12127.598146704215,1312.133251572741,4071.928888888889,63.81166734139525,0.8605713637061052,0.9476578187727386,0.9476578187727385,23.04,0.7468749605853069,12.6,0.0
1063.7934821862198,694.9492151352035,1498.6622222222222,38.71255897279618,0.8687126465804633,0.9432104504748092,0.9432104504748092,7.639999999999999,0.778293793542949,5.6,0.0
7340.365309290339,285.7226386692965,551.6560754660063,23.4873599083849,0.5062289100673601,0.7947657412439866,0.7947657412439866,33.1875,0.17969150181433102,5.75,0.0
3209.050689557909,979.3611837062138,2790.5555555555557,52.82570922908234,0.9199709905861606,0.9717492637316619,0.9717492637316617,18.06611570247934,0.8523768442940253,7.454545454545454,0.0
11282.427071621916,1021.8063426720815,3302.993419728041,57.47167493407549,0.8405490115367017,0.9275887930958608,0.9275887930958608,33.20987654320988,0.7235466893562092,10.11111111111111,0.0
8740.865520237872,903.25685722527,1840.1122222222223,42.89652925613239,0.894685167148622,0.967659227180651,0.9676592271806512,8.21,0.7717659329553773,10.3,0.0
1980.705482477182,450.9673138124761,653.0488888888888,25.55482124548886,0.7260357278970826,0.8875388862709174,0.8875388862709171,16.0,0.5366516336666609,5.0,0.0
4.544310838498876,265.96738759186906,251.79555555555555,15.868067165082065,0.7525461573763546,0.9061441320149047,0.9061441320149047,2.04,0.6048881514691519,1.4,0.0
5365.187339249291,309.1538277957703,960.5822222222222,30.99326091624149,0.7156559150303685,0.8982620533938628,0.8982620533938629,69.24000000000001,0.477321624385211,5.4,0.0
4692.82872699973,334.36811462851324,834.7788888888888,28.89254036752201,0.7443584053338334,0.8961218950355038,0.8961218950355038,18.024691358024693,0.558721323263098,6.555555555555555,0.0
7998.356524975685,962.1465040925714,2244.3288888888887,47.37434842706429,0.9332080887898615,0.9774111278928256,0.9774111278928258,13.959999999999999,0.8705374490127766,8.2,0.0
1007.9043717865472,406.4866074968799,410.4222222222222,20.258880083119653,0.9008241609492355,0.9640105227585459,0.9640105227585463,5.039999999999999,0.8176463864373335,2.6,0.0
5529.241919571465,180.33129193494108,387.0,19.672315572906,0.7616279069767442,0.929697941726811,0.9296979417268111,2.617283950617284,0.5147861039333907,7.777777777777778,0.0
7891.343822011321,1158.3539970870622,4347.462222222222,65.93528814089025,0.8230602841752744,0.9171232005312052,0.9171232005312052,16.082644628099175,0.7097444446375469,4.909090909090909,0.0
4081.6983858286126,1520.1705202477744,7064.293333333333,84.04935058246038,0.9065274348204279,0.9605615106387718,0.9605615106387718,4.231404958677686,0.8410711521982854,10.636363636363637,0.0
528.3117888302912,557.5937536663101,1153.712222222222,33.96633954700185,0.8451494121047767,0.9364617078656211,0.936461707865621,17.785123966942148,0.740408765307137,4.818181818181818,0.0
1065.9565652615872,268.33955108627833,179.31666666666666,13.390917319835362,0.8876953514001567,0.970879231821955,0.970879231821955,6.666666666666667,0.7762493416364594,3.0,0.0
2475.748655418484,197.9171896525646,158.4933333333333,12.58941354207309,0.662019733442296,0.8589853302506653,0.8589853302506649,5.41,0.4606993634502681,2.3,0.0
353.5840996549514,200.2488960441267,94.66222222222223,9.72945128063357,0.9435520111608192,0.9934398733306242,0.9934398733306243,3.0617283950617287,0.848782676286315,1.7777777777777777,0.0
606.401361861034,690.5782815091226,1423.2488888888886,37.72597101320109,0.8808476202669773,0.9541658451512215,0.9541658451512215,13.690000000000003,0.7883496600891233,5.9,0.0
374.3043538567403,111.17104774415498,67.38222222222223,8.208667505888043,0.6565765545054509,0.8725564003830152,0.8725564003830156,2.0100000000000002,0.42723654991975024,2.7,0.0
6088.126390128507,574.1237726501073,826.4988888888892,28.7488936985215,0.9357125668554466,0.9842556106469695,0.9842556106469699,23.44,0.8608944079301635,5.4,0.0
111.83335003795267,401.2717188555479,510.1788888888889,22.587139900591417,0.7280236593015769,0.890146112823922,0.8901461128239218,1.8099999999999998,0.5393027233971913,2.3,0.0
2043.2506574504698,703.1044419239487,1871.24,43.25783166086807,0.8577826162636235,0.9555094943496807,0.9555094943496807,27.140495867768596,0.7313573807663287,9.636363636363637,0.0
294.81521250459764,117.01291898840954,178.20555555555558,13.349365361527699,0.5532557818463606,0.8656487138168608,0.8656487138168608,1.3223140495867767,0.18900700744389357,1.3636363636363635,0.0
841.7579257838568,68.67996755774892,61.84,7.863841300535,0.541882276843467,0.8427978766115001,0.8427978766115003,4.639999999999999,0.21376551195438645,2.4,0.0
3024.895549476343,196.16438721963038,601.8722222222221,24.533084237865857,0.6384410285893621,0.8420261425634505,0.8420261425634504,4.25,0.3977250000769206,6.0,0.0
1907.069367910291,97.93262272508838,194.87222222222226,13.959664115666332,0.5163232724740267,0.8007260873369226,0.8007260873369224,6.984375,0.18114117196136753,3.625,0.0
3194.900928076911,428.37875028941136,506.6933333333334,22.50984969592941,0.8131940424188201,0.9337185520181333,0.9337185520181334,11.580246913580247,0.6485828231262681,4.555555555555555,0.0
5087.490884246871,503.76809761991996,738.0622222222223,27.167300606100383,0.8688610157185523,0.9675910160104453,0.9675910160104454,30.17283950617284,0.7188118904625792,3.7777777777777777,0.0
10004.40599137078,430.36293408467543,1296.374330150925,36.005198654512725,0.5191892819686861,0.7843059219847961,0.784305921984796,23.5,0.21660513243276944,4.5,0.0
1602.4223813473186,541.2623305223008,1038.4933333333333,32.225662651578375,0.8609148051481177,0.9436734827599488,0.9436734827599489,4.991735537190082,0.7615619779652288,5.909090909090909,0.0
24.26713326580425,211.8913119883259,162.56555555555556,12.750119825145,0.8403491436421742,0.9349152631853086,0.9349152631853085,1.0909090909090908,0.7257843179693508,1.0,0.0
305.1790150846194,298.57704932865585,270.03222222222223,16.432657186901398,0.6811970705436095,0.843441133249175,0.8434411332491752,6.6913580246913575,0.544333300872644,3.5555555555555554,0.0
141.4646315742284,372.4854733603132,421.3833333333333,20.52762366503569,0.8997152236680773,0.9514843693527203,0.9514843693527203,5.636363636363637,0.8370358651179756,3.0,0.0
86.72820280410838,200.68057465023512,155.49000000000004,12.46956294342348,0.7121909539428349,0.914636931968127,0.9146369319681271,13.918367346938776,0.4831726703872822,3.2857142857142856,0.0
5.107023678329774,815.728161329998,2893.49,53.791170279145256,0.8057629861714202,0.9162731654090079,0.9162731654090075,6.24793388429752,0.6831884295051611,3.4545454545454546,0.0
50.74041840632875,183.78477030556033,113.04555555555554,10.632288349906409,0.7778336307739403,0.8971092588381117,0.8971092588381117,0.6942148760330578,0.637829827153699,0.8181818181818182,0.0
313.24288012942316,279.6296203730525,489.1333333333333,22.11635895289578,0.7679764014096847,0.9055425265423714,0.9055425265423714,22.429752066115697,0.6362727727045568,3.4545454545454546,0.0
510.87619282777564,272.1857943713889,277.1433333333334,16.647622452870962,0.834782070821184,0.9492299722911957,0.9492299722911957,0.9135802469135802,0.6815874123163972,1.4444444444444444,0.0
398.9915416763971,690.289861605766,1392.9288888888889,37.3219625540899,0.9430776899013291,0.9915597785024989,0.9915597785024988,8.2,0.8591698245920045,5.0,0.0
1824.111352295467,595.4704514957195,967.4488888888887,31.103840420258216,0.8680942580453783,0.9518688325768576,0.9518688325768574,20.009999999999998,0.7397212166502306,6.3,0.0
1419.8845051485703,671.2564370379399,1738.8766666666666,41.699840127591216,0.785885441641169,0.9088370368847585,0.9088370368847586,5.1735537190082646,0.6898734325502182,4.909090909090909,0.0
2283.66873448989,328.2977931225281,310.9433333333333,17.633585379421092,0.6649948467107006,0.8810908000755577,0.8810908000755576,24.25,0.5111482740096741,5.5,0.0
0.0030561750636107217,29.842247963533243,14.6,3.82099463490856,-0.004892367906066536,0.4794520547945206,0.4794520547945206,0.0,-0.007610350076103501,0.0,0.0
174.33861949799186,217.27003251595085,130.73888888888888,11.434110760740815,0.7736552318628552,0.9160503885226471,0.9160503885226472,11.239669421487605,0.6213732961278963,3.8181818181818183,0.0
829.3006295935712,171.07304608280592,124.84,11.173182178770737,0.7394836819700644,0.9170469235103692,0.9170469235103692,6.959999999999999,0.5099623814779214,2.8,0.0
2745.360549474511,768.117950969494,1585.4266666666665,39.81741662472173,0.7100909594412921,0.8620709955012655,0.8620709955012655,26.0,0.5118117520415113,8.666666666666666,0.0
690.1248496981931,150.62028471962932,169.2233333333334,13.008586907628874,0.6286240499311979,0.8613163723651596,0.8613163723651595,1.4900000000000002,0.45538549757826047,1.9,0.0
54.059119365563944,207.5200226339814,141.73888888888894,11.90541426784003,0.7656880805863675,0.8995751996615652,0.8995751996615653,8.991735537190083,0.6794139806721625,2.909090909090909,0.0
208.00486246218074,468.3045746973858,614.0888888888888,24.78081695362138,0.7555198564914857,0.8896773839323373,0.8896773839323374,5.69,0.6031217582205498,5.1,0.0
9233.70405688912,477.785845837382,724.4900000000001,26.916351907344357,0.7919452698745717,0.9293143666817225,0.9293143666817227,11.11111111111111,0.6057119107540783,6.0,0.0
1178.9262597709253,640.7788820941936,1131.8233333333333,33.642582144260764,0.9455564535774346,0.9938187420704442,0.9938187420704441,4.76,0.8644481552709281,5.8,0.0
1533.641187131222,741.7631721409202,1818.4722222222224,42.64354842437743,0.8538553861932766,0.941009805186767,0.941009805186767,16.84,0.7522747524122305,6.4,0.0
43.12886074625981,97.16521855463972,25.911070995847158,5.090291837984061,0.893494283853487,0.9563658786722029,0.9563658786722028,0.08810590776591969,0.8128948585309378,0.934437288721101,0.0
443.2812520274019,702.7618384517207,1898.2400000000005,43.56879617340833,0.8526785714285711,0.9366215092891854,0.9366215092891853,18.559999999999995,0.7645780262730699,5.8,0.0
2496.219896778521,201.97412178601613,242.32888888888888,15.5669164862181,0.6825126811784065,0.8773479062684195,0.8773479062684194,2.2222222222222223,0.46526707912519655,3.6666666666666665,0.0
247.45171005571135,132.4493288546998,113.24888888888887,10.641846122214362,0.6541526739811737,0.9023302014076751,0.9023302014076752,3.41,0.3928896912296309,3.3,0.0
4002.739253308619,374.68218748561424,433.03222222222234,20.80942628287052,0.7127065950222551,0.8778964091847729,0.8778964091847729,14.024691358024691,0.5494584413499863,5.555555555555555,0.0
193.07997073632242,381.2262941730049,509.5822222222223,22.57392793073953,0.8769530471273075,0.948506236345963,0.9485062363459629,4.24793388429752,0.7918575758985331,3.4545454545454546,0.0
3.873219525417906,318.3140224359608,421.28999999999996,20.52535017971679,0.8420633225162173,0.94090236801417,0.94090236801417,1.5555555555555556,0.7239818089589034,2.0,0.0
409.31634151333606,438.07096045340865,560.9122222222223,23.683585501824304,0.6617467238033735,0.8125359422380442,0.812535942238044,15.135802469135804,0.49081005390469545,5.444444444444445,0.0
849.0051358774239,421.2239997994429,611.4988888888889,24.728503571564715,0.8307941220674778,0.9269290000996858,0.9269290000996858,16.987654320987655,0.7244229469744551,4.888888888888889,0.0
1791.8115221064177,380.81405842173547,686.3066666666668,26.19745534716429,0.7842121112039321,0.9103018187640388,0.9103018187640389,6.16,0.6381511774241942,6.8,0.0
102304.91470007368,324.6040783715676,8987.561872305532,94.80275245110519,0.06447890120319602,0.5494628973482745,0.5494628973482744,14.655932223208232,-0.14420565202300675,6.407376283846872,0.0
645.6369053576755,274.80479036711495,187.96555555555554,13.710053083615524,0.7964917584528746,0.9173725682601422,0.9173725682601421,8.17283950617284,0.730820133186997,3.7777777777777777,0.0
476.03828984347297,256.8569758067028,441.71555555555557,21.017030131670733,0.536816409899641,0.6621244093909016,0.6621244093909017,0.609375,0.3987214832404296,1.875,0.0
11251.931497365706,729.0805876718692,1233.3733333333334,35.11941533302247,0.9629189632459797,1.0044121588600856,1.0044121588600856,17.728395061728392,0.8768220129797593,10.222222222222221,0.0
11633.251319754812,310.53966925152645,980.185766137473,31.307918585199385,0.465610465139463,0.7400461708573575,0.7400461708573575,5.950617283950617,0.241743952802775,7.222222222222222,0.0
11102.14339819992,736.9163595290892,1301.328888888889,36.07393642075798,0.8572351925479837,0.9561895526541628,0.9561895526541628,9.76,0.7105913764884593,6.2,0.0
2170.065803878158,352.51236311442403,789.4988888888889,28.098022864409675,0.7161548927057005,0.8755939130311137,0.8755939130311137,6.76,0.5461205975160677,4.8,0.0
2027.8476484770445,170.26724761007372,283.1555555555555,16.82722661508888,0.7505269412740768,0.9199957782841434,0.9199957782841433,12.41,0.5360226024172031,5.7,0.0
12617.436925637205,264.40548359370314,643.3566666666667,25.36447647136969,0.5977455295847893,0.8498632263292933,0.8498632263292932,7.728395061728396,0.29913537966095655,6.777777777777778,0.0
25.96648587142716,131.70100065982462,55.19555555555556,7.42937114132519,0.6099898772617998,0.8176959108818248,0.8176959108818249,2.6390532544378695,0.40456826905011206,1.2307692307692308,0.0
6313.96079289178,837.868924197956,1572.648888888889,39.656637387565894,0.8651667270911235,0.9556447408350449,0.9556447408350449,5.610000000000001,0.7381321566758169,9.7,0.0
1574.6994292889958,585.4502946368432,925.6488888888889,30.4244784489215,0.9299923108422611,0.9758888411136749,0.9758888411136748,7.900826446280991,0.8688284868165889,4.909090909090909,0.0
4465.127400298776,1145.127797326314,4297.7155555555555,65.55696420332134,0.8817760251219474,0.9496420338289675,0.9496420338289673,20.490000000000002,0.8020937681046514,9.9,0.0
214.65467208787908,607.9685260839599,1567.9433333333332,39.59726421526282,0.8415168368876308,0.9248950983230323,0.9248950983230319,3.6033057851239674,0.7458137541346332,2.8181818181818183,0.0
766.4569559786663,207.3959353206975,284.35555555555555,16.862845416938256,0.6550037958290538,0.906452447424303,0.906452447424303,13.520661157024792,0.32896564898753083,5.454545454545454,0.0
1437.319312892934,512.4507443120328,1297.743333333333,36.02420482582972,0.7675582265331652,0.890022706967807,0.8900227069678073,81.33333333333333,0.6336478108579938,6.0,0.0
3717.6602128080176,400.03155955987125,660.990844941569,25.709742218497038,0.6847356060451285,0.8485781945779366,0.8485781945779366,1.16,0.5152760246707097,1.2,0.0
207.94720223717644,710.7940098929553,2043.1066666666666,45.20073745711088,0.8171428478199866,0.9100279335706251,0.910027933570625,13.805555555555555,0.7196397352760537,5.166666666666667,0.0
1075.9532210941943,501.1957558019248,603.5955555555555,24.56818177146114,0.8738580338142959,0.9636121825251034,0.9636121825251035,11.45,0.7452901583187499,6.5,0.0
